{"cameraMode":{"drawMode":0,"name":"Shaded","section":"Shading Mode"},"sceneLighting":true,"audioPlay":false,"sceneViewState":{"m_AlwaysRefresh":false,"showFog":true,"showSkybox":true,"showFlares":true,"showImageEffects":true,"showParticleSystems":true,"showVisualEffectGraphs":true,"m_FxEnabled":true},"in2DMode":false,"pivot":{"x":-9.563340187072754,"y":7.655551910400391,"z":-21.729816436767579},"rotation":{"x":-0.09616070985794068,"y":0.0035804586950689556,"z":-0.0003459936997387558,"w":-0.9953619837760925},"size":0.5234749913215637,"orthographic":false}